<VisualMicro>
  <Program Name="LEDMatrix16x32" Ext=".ino" Location="P:\My Documents\Arduino\LEDMatrix16x32">
    <Platform Name="arduino10x" Package="arduino" Platform="avr" Architecture="avr">
      <Board Name="micro" Description="Arduino Micro" CoreFolder="C:\Users\Mark\Arduino\hardware\arduino\cores\arduino" VariantFullPath="C:\Users\Mark\Arduino\hardware\arduino\variants\micro" McuIdePath="C:\Users\Mark\Arduino" McuSketchBookPath="P:\My Documents\Arduino" name="Arduino Micro" upload.protocol="avr109" upload.maximum_size="28672" upload.speed="57600" upload.disable_flushing="true" bootloader.low_fuses="0xff" bootloader.high_fuses="0xd8" bootloader.extended_fuses="0xcb" bootloader.path="caterina" bootloader.file="Caterina-Micro.hex" bootloader.unlock_bits="0x3F" bootloader.lock_bits="0x2F" build.mcu="atmega32u4" build.f_cpu="16000000L" build.vid="0x2341" build.pid="0x8037" build.core="arduino" build.variant="micro" runtime.ide.path="C:\Users\Mark\Arduino" build.system.path="C:\Users\Mark\Arduino\hardware\arduino\system" runtime.ide.version="105" originalid="micro" vm.platform.root.path="C:\Program Files (x86)\Visual Micro\Visual Micro for Arduino\Micro Platforms\arduino10x" build.core.vmresolved="C:\Users\Mark\Arduino\hardware\arduino\cores\arduino" build.core.parentfolder.vmresolved="C:\Users\Mark\Arduino\hardware\arduino\cores" build.core.coresparentfolder.vmresolved="C:\Users\Mark\Arduino\hardware\arduino" vm.core.include="arduino.h" ide.hint="Arduino 0023 and 1.0.x Ide" ide.location.key="Arduino" ide.location.ide.winreg="Arduino 1.0.x Application" ide.location.sketchbook.winreg="Arduino 1.0.x Sketchbook" ide.location.sketchbook.preferences="sketchbook.path" ide.location.sketchbook.default="%MYDOCUMENTS%\arduino" ide.location.preferences="%VM_APPDATA_ROAMING%\arduino\preferences.txt" ide.default.package="arduino" ide.default.platform="avr" ide.multiplatform="true" ide.includes="arduino.h" ide.platformswithoutpackage="true" ide.includes.fallback="wprogram.h" ide.extension="ino" ide.extension.fallback="pde" ide.versionLTEQ="149" ide.exe="arduino.exe" ide.hosts="atmel" ide.url="http://arduino.cc/en/Main/Software" vm.debug="true" software="ARDUINO" ide.appid="arduino10x" location.sketchbook="P:\My Documents\Arduino" build.board="AVR_MICRO" vm.boardsource.path="C:\Users\Mark\Arduino\hardware\arduino" vm.platformname.name="avr" build.arch="AVR" build.variant.vmresolved="C:\Users\Mark\Arduino\hardware\arduino\variants\micro" vm.runtime.compiler.showwarnings="false" compiler.path="C:\Users\Mark\Arduino\hardware\tools\avr\bin\" includes=" -I&quot;C:\Users\Mark\Arduino\hardware\arduino\cores\arduino&quot;  -I&quot;C:\Users\Mark\Arduino\hardware\arduino\variants\micro&quot;  -I&quot;P:\My Documents\Arduino\libraries\Adafruit_GFX&quot;  -I&quot;C:\Users\Mark\Arduino\libraries&quot;  -I&quot;C:\Users\Mark\Arduino\hardware\arduino\libraries&quot;  -I&quot;C:\Program Files (x86)\Visual Micro\Visual Micro for Arduino\Micro Platforms\default\debuggers&quot;  -I&quot;P:\My Documents\Arduino\libraries&quot; " build.path="C:\Users\Mark\AppData\Local\VMicro\Arduino\Builds\LEDMatrix16x32\micro" build.project_name="LEDMatrix16x32" build.variant.path="C:\Users\Mark\Arduino\hardware\arduino\variants\micro" archive_file="core.a" object_file="C:\Users\Mark\AppData\Local\VMicro\Arduino\Builds\LEDMatrix16x32\micro\Adafruit_GFX\Adafruit_GFX.cpp.o" source_file="P:\My Documents\Arduino\libraries\Adafruit_GFX\Adafruit_GFX.cpp" object_files="&quot;C:\Users\Mark\AppData\Local\VMicro\Arduino\Builds\LEDMatrix16x32\micro\LEDMatrix16x32.cpp.o&quot; &quot;C:\Users\Mark\AppData\Local\VMicro\Arduino\Builds\LEDMatrix16x32\micro\RGBmatrixPanelAlternative.cpp.o&quot; &quot;C:\Users\Mark\AppData\Local\VMicro\Arduino\Builds\LEDMatrix16x32\micro\Adafruit_GFX\glcdfont.c.o&quot; &quot;C:\Users\Mark\AppData\Local\VMicro\Arduino\Builds\LEDMatrix16x32\micro\Adafruit_GFX\Adafruit_GFX.cpp.o&quot; " build.architecture="avr" vmresolved.compiler.path="C:\Users\Mark\Arduino\hardware\tools\avr\bin\" vmresolved.tools.path="C:\Users\Mark\Arduino\hardware\tools\avr" />
    </Platform>
    <Compile CompilerErrors="0" ConfigurationName="Debug" StopOnError="False" OptimiseLibs="True" OptimiseCore="True" BuildPath="C:\Users\Mark\AppData\Local\VMicro\Arduino\Builds\LEDMatrix16x32\micro" IsDebugStart="0" IncludeDebug="0" IncludesDebug="0" SketchName="LEDMatrix16x32" IsCompiled="1" />
    <Debug DebugMode="Full" DebugEnabled="1" />
    <VCCodeModel>
      <VCCodeMacros />
    </VCCodeModel>
  </Program>
</VisualMicro>