<?xml version="1.0" encoding="UTF-8"?>
<preferences>
 <debug showDebugMenu="0" />
 <systemtable>
  <columns>
   <connections preferredWidth="127" />
   <irq preferredWidth="34" />
  </columns>
 </systemtable>
 <clocktable>
  <columns>
   <clockname preferredWidth="111" />
   <clocksource preferredWidth="111" />
   <frequency preferredWidth="106" />
  </columns>
 </clocktable>
 <window width="640" height="760" x="640" y="0" />
 <library
   expandedCategories="Library/Memories and Memory Controllers/External Memory Interfaces,Project,Library,Library/Memories and Memory Controllers/External Memory Interfaces/Flash Interfaces,Library/Memories and Memory Controllers" />
 <hdlexample language="VERILOG" />
</preferences>
